img,reference,predicts,source,BLEU,CHRF,CHRF++,TER,BERT-P,BERT-R,BERT-F1,METEOR,COMET
de/60/ff/de_10094232.jpg,"Esporte
Trabalho
Casa
Deslocamento
Camping
Cozinhar","Trabalho
Em casa
Esportes
Comutação
Acampamento
Cozinha","Sport
Arbeit
Zuhause
Pendeln
Camping
Kochen",7.809849842300637,49.08021940986219,38.82878795917658,100.0,0.7988294959068298,0.8181208372116089,0.8083600997924805,0.2459016393442623,0.8518660664558411
de/6c/e9/de_10178135.jpg,"Ao ar livre
Carro
Sofá
Pessoa
Cama
Chão","No exterior  
Carro  
Pessoa  
Cama  
Sofá  
Chão","Im Freien
Auto
Sofa
Mensch
Bett
Boden",14.31720073264775,46.39987423561888,44.68644234651718,50.0,0.9075770378112792,0.8943637609481812,0.9009220004081726,0.4708860759493671,0.8138920068740845
de/dd/f8/de_10149616.jpg,"Frente
Cima
Fundo","Frente
Cima
Baixo","Vorne
Oben
Unten",55.03212081491043,60.33938283938284,59.83787046287047,33.33333333333333,0.909762442111969,0.8823525309562683,0.8958479166030884,0.625,0.5696222186088562
de/b5/e1/de_10164276.jpg,"Mosquitos
Moscas
Mosquitos
Mariposas
Vespas
Moscas de fruta","Mosquitos

Moscas

Mosquitos

Mariposas

Avispas

Drosófilas","Stechmücken
Fliegen
Mücken
Motten
Wespen
Drosophila",36.40930239806874,67.96407885477596,63.34332385619075,50.0,0.8027102947235107,0.8167219161987305,0.809655487537384,0.4046474358974359,0.8828679323196411
de/03/48/de_10124504.jpg,"Esportes
Trabalho
Casa
Deslocamento
Camping
Cozinhar","Trabalho
Em casa
Esportes
Comutação
Acampamento
Cozinha","Sport
Arbeit
Zuhause
Pendeln
Camping
Kochen",8.643019616048525,49.738137640063215,41.34324343243595,83.33333333333334,0.817258358001709,0.8366717100143433,0.8268511295318604,0.2459016393442623,0.8445806503295898
de/b0/0d/de_10158950.jpg,"Esporte
Trabalho
Casa
Deslocamento
Camping
Cozinhar","Trabalho
Em casa
Esportes
Comutação
Acampamento
Cozinha","Sport
Arbeit
Zuhause
Pendeln
Camping
Kochen",7.809849842300637,49.08021940986219,38.82878795917658,100.0,0.7988294959068298,0.8181208372116089,0.8083600997924805,0.2459016393442623,0.8518660664558411
de/2e/a3/de_10163400.jpg,"Não
Baixo
Médio
Alto","Não Baixo
Médio Alto","Nein
Niedrig
Mittel
Hoch",100.00000000000004,100.0,100.0,0.0,0.9999810457229614,0.9999810457229614,0.9999810457229614,0.9921875,0.9922940135002136
de/c9/7a/de_10077222.jpg,"Animal
Cão
Ônibus
Leite
Pai
Família
Comida","Família
Pai

Animal
Cão

Alimentos
Leite

Veículo
Ônibus
ônibus","Tier
Hund
Bus
Milch
Vater
Familie
Lebensmittel",12.549310621989482,54.0380020818948,52.6467116074393,85.71428571428571,0.7913215160369873,0.8189089298248291,0.8048788905143738,0.5922067901234568,0.7688616514205933
de/ee/8d/de_10097161.jpg,"Esporte
Trabalho
Casa
Deslocamento
Camping
Cozinhar","Trabalho
Em casa
Esportes
Comutação
Acampamento
Cozinha","Sport
Arbeit
Zuhause
Pendeln
Camping
Kochen",7.809849842300637,49.08021940986219,38.82878795917658,100.0,0.7988294959068298,0.8181208372116089,0.8083600997924805,0.2459016393442623,0.8518617153167725
de/9a/7f/de_10125729.jpg,Duplo,"Zwilling

medipartners
cuida naturalmente",Zweifach,0.0,5.263157894736842,4.385964912280702,400.0,0.6304699182510376,0.7054613828659058,0.6658608913421631,0.0,0.4122341573238373
de/c7/67/de_10181064.jpg,Antiderrapante,Anti-Derrapante,Anti-Rutsch,0.0,67.2767022631755,57.66574479700756,100.0,0.884632408618927,0.9147132635116576,0.8994213342666626,0.0,0.966649055480957
de/2d/2c/de_10185890.jpg,"Resfriador e Aquecedor
5°C
10°C
20°C
40°C
50°C
60°C
65°C","Refrigerador & Aquecedor
5°C 10°C 20°C 30°C 40°C 50°C 60°C 65°C","Kühler & Wärmer
5°C
10°C
20°C
40°C
50°C
60°C
65°C",79.27094371191637,79.1458313410893,77.31717183231851,30.0,0.9511657953262328,0.953061044216156,0.9521124958992004,0.785891089108911,0.9397943615913392
de/59/e4/de_10127700.jpg,RECEITAS DE CHURRASCO!,"TOP 10 RECEITAS DE CHURRASCO!
Acompanhamentos & Molhos
Rauchephorie",BBQ REZEPTE!,26.269098944241588,69.10688361842166,70.50943661693472,200.0,0.701253354549408,0.8697399497032166,0.776461660861969,0.8627717391304348,0.5896583199501038
de/ba/2b/de_10206908.jpg,Polia,Disco de correia,Riemenscheibe,0.0,12.28524679574584,10.237705663121536,300.0,0.70897376537323,0.740826427936554,0.7245501279830933,0.0,0.539505660533905
de/03/8b/de_10388074.jpg,"5x

5x

PERMANENTE","tesa ROL

Colar Linhas Cola Pegamento

PERMANENTE

8,5 m

5x = 5x","5x

5x

PERMANENT",4.456882760699063,44.5359265538316,41.214738061054426,333.33333333333337,0.6893696784973145,0.8278673887252808,0.7522972822189331,0.3846153846153847,0.4508880078792572
de/ec/fe/de_10372395.jpg,"26.3°
52%","26,3°C
52%
BRESSER","26.3°
52%",8.116697886877475,22.10997954260388,30.332387726761024,66.66666666666666,0.7622658610343933,0.847253143787384,0.8025156855583191,0.6048387096774195,0.58418208360672
de/6e/b7/de_10265755.jpg,"GRÜNTEK
Ervas",GRÜNTEK,"GRÜNTEK
Kräuter",36.78794411714425,51.132491751735685,51.76974029949008,50.0,0.9304087162017822,0.8720664978027344,0.9002934098243713,0.2631578947368421,0.9404594898223876
de/19/72/de_10111130.jpg,Armário,Gaveta,Schrank,0.0,0.0,0.0,100.0,0.8293477296829224,0.8293477296829224,0.8293477296829224,0.0,0.5729527473449707
de/6b/8c/de_10308001.jpg,Alemão!,Nenhum texto visível para tradução.,Deutich!,0.0,8.610005451160688,6.457504088370514,500.0,0.619757354259491,0.6537926197052002,0.636320173740387,0.0,0.5464926362037659
de/a1/4f/de_10201316.jpg,"Prata
Preto
Rosa","Prata
Preto
Rosa","Silber
Schwarz
Rosa",100.00000000000004,100.0,100.0,0.0,1.0000019073486328,1.0000019073486328,1.0000019073486328,0.9814814814814816,0.99031263589859
de/2e/48/de_10163411.jpg,11KW 7M,"GONEO

Prüfengel
1,1
MUITO BOM

Testat 03/24
GONEO Tipo 2 Carregador

11KW 7M",11KW 7M,6.178110636313396,23.55444955823228,28.30546913567889,650.0,0.6303901672363281,0.8666514754295349,0.7298775315284729,0.6048387096774195,0.4162003099918365
de/94/a2/de_10117136.jpg,Bem costurado,Bem costurado,Gut genäht,100.00000000000004,100.0,100.0,0.0,1.0002140998840332,1.0002140998840332,1.0002140998840332,0.9375,0.9861982464790344
de/ae/52/de_10467048.jpg,BREMEN,BREMEN,BREMEN,100.00000000000004,100.0,100.0,0.0,1.0000311136245728,1.0000311136245728,1.0000311136245728,0.5,0.9824116826057434
de/c2/e3/de_10131539.jpg,"VDE
FERRAMENTA","VDE
GS
segurança verificada
1000 V C
FERRAMENTA VDE","VDE
TOOL",5.669791110976001,50.50383602083003,45.27502654013265,350.0,0.775833249092102,0.8816983699798584,0.8253850340843201,0.3703703703703704,0.478624552488327
de/30/56/de_10205606.jpg,Duplo,"Zwenkflip

medipartners
cuida naturalmente",Zweifach,0.0,5.172413793103448,4.310344827586206,400.0,0.6321152448654175,0.7084910869598389,0.6681275367736816,0.0,0.3791385591030121
de/aa/08/de_10185027.jpg,Duplo,"Zwilling

medipartners
cuida naturalmente",Zweifach,0.0,5.263157894736842,4.385964912280702,400.0,0.6304699182510376,0.7054613828659058,0.6658608913421631,0.0,0.4122178256511688
de/56/42/de_10079981.jpg,"5 peças
IP65
Conectável
180°
CE
RoHS","5 Peças
IP65
Linkável
180°
CE
RoHS","5 Stück
IP65
Linkbar
180°
CE
RoHS",50.000000000000014,63.30804444420796,60.58519326576921,14.285714285714285,0.9179330468177797,0.9185137748718262,0.9182233810424804,0.8412698412698414,0.9189404845237732
de/1c/d5/de_10170550.jpg,"PARA
VERDADEIROS
HOMENS","20

EURO

PARA VERDADEIROS CARAS","FÜR
ECHTE
KERLE",21.3643503198117,66.10108927088598,62.387505613033824,100.0,0.8723312616348267,0.8936389684677124,0.882856547832489,0.5859375,0.6632882952690125
de/e9/e5/de_10156253.jpg,Antiderrapante,Antiderrapante,Rutschfeste,100.00000000000004,100.0,100.0,0.0,1.000025510787964,1.000025510787964,1.000025510787964,0.5,0.9897809624671936
de/b3/6e/de_10193734.jpg,"Nalzuns
001
A
B
C
D
E
F
G
20
kWh/1000h","ENERGIA

Nalzuns
001

A
B
C
D
E
F
G

20
kWh/1000h

2019/2015","Nalzuns
001
A
B
C
D
E
F
G
20
kWh/1000h",85.07331335123531,88.8227692128657,91.04324370695392,30.76923076923077,0.8597763776779175,0.947300136089325,0.9014187455177308,0.9817739079102716,0.9080933928489684
de/7c/3f/de_10122825.jpg,"ALUSSO
CRI 80+

Outro
CRI 75+
","ALUSSO
CRI 80+
Outros
CRI 75+","ALUSSO
CRI 80+

Andere
CRI 75+
",50.000000000000014,86.17807106986935,84.5052329742042,12.5,0.9245197772979736,0.9245197772979736,0.9245197772979736,0.9976851851851852,0.9531407356262208
de/44/42/de_10141765.jpg,Duplo,"Zwinnigheid

medipartners
cuida naturalmente",Zweifach,0.0,5.0,4.166666666666666,400.0,0.6230648159980774,0.6964677572250366,0.6577246189117432,0.0,0.3845754563808441
de/64/f4/de_10164971.jpg,"ALHO
CEBOLAS
BATATAS","Alho

Cebolas

Batatas

Marca Alemã","KNOBLAUCH
ZWIEBELN
KARTOFFELN",39.76353643835252,3.333333333333333,2.5,66.66666666666666,0.6584762334823608,0.6646001935005188,0.6615239977836609,0.920138888888889,0.4548281729221344
de/2c/9e/de_10113101.jpg,"Prateleira
Escrivaninha
Armário","Estante
Escritório
Armário","Regal
Schreibtisch
Kabinettt",27.516060407455225,31.47768594219364,27.79567307848704,66.66666666666666,0.7729779481887817,0.7213845252990723,0.7462905645370483,0.1666666666666666,0.5788848996162415
de/01/22/de_10201946.jpg,"A data nunca cai
SÁB
AMANHÃ
QUI
SEX
AMANHÃ
DOM
AMANHÃ","Data nunca cai

MI
TARDE

DO
TARDE

FR
TARDE

SA
TARDE

SO
TARDE

MI
MANHÃ

DO
MANHÃ

FR
MANHÃ

SA
MANHÃ

SO
MANHÃ","Datum fällt nie ab
SA
MORGEN
DO
FR
MORGEN
SO
MORGEN",6.12957497932821,45.00392687672704,36.631537541740485,190.9090909090909,0.7097581624984741,0.7257347106933594,0.7176575064659119,0.2413479052823315,0.523760199546814
de/36/a3/de_10174150.jpg,"40°C
Lavagem
Baixo
Secadora
Cores
Duráveis","40°C
Lavar

Secadora de roupas mais baixa

Cores duráveis","40°C
Waschen
Niedriger
Wäschetrockner
Langlebige
Farben",18.36028134946796,54.75562370505389,46.77073281867151,100.0,0.8314157724380493,0.8649952411651611,0.8478731513023376,0.5009920634920636,0.6823042035102844
de/c5/ee/de_10146020.jpg,"Fantasia em casa

🎵
👤
⭐",Fantasia em casa,"Fantasie zu Hause

🎵
👤
⭐",36.78794411714425,82.47762218711755,74.93130221294778,50.0,0.9355229139328004,0.789601743221283,0.8563908934593201,0.5165692007797271,0.7526573538780212
de/a7/95/de_10109534.jpg,"Trabalhar
Tiro
Jogar","Trabalhar
Tiro
Jogar","Arbeiten
Schuss
Spielen",100.00000000000004,100.0,100.0,0.0,1.0000793933868408,1.0000793933868408,1.0000793933868408,0.9814814814814816,0.9677823185920716
de/75/a4/de_10199471.jpg,Luz,Luz,Licht,100.00000000000004,100.0,100.0,0.0,0.9997758865356444,0.9997758865356444,0.9997758865356444,0.5,0.9827072620391846
de/34/67/de_10114370.jpg,"Milu
1,2
MUITO BOM","Prüfengel
O selo de qualidade para produtos
1,2
MUITO BOM
Teste realizado em 03/23
Milue
Garrafa térmica","Milu
1,2
SEHR GUT",8.513012360883549,37.037016939192775,38.1834059971753,400.0,0.697234034538269,0.8275821208953857,0.7568367123603821,0.7075471698113207,0.36270871758461
de/c7/de/de_10181336.jpg,"Pacote de 5 acessível & 3 comprimentos
2m × 2
1m × 2
0.5m × 1","Pacote econômico de 5 unidades & 3 comprimentos

2m ×2

1m ×2

0,5m ×1","Günstiger 5er-Pack & 3 Längen
2m × 2
1m × 2
0.5m × 1",56.6431349732581,60.82225195860194,55.580264249407016,50.0,0.8952367305755615,0.8974094390869141,0.8963217735290527,0.4746835443037974,0.8965349793434143
de/7e/67/de_10113323.jpg,Antiderrapante,Anti-Derrapante,Anti-Rutsch,0.0,67.2767022631755,57.66574479700756,100.0,0.884632408618927,0.9147132635116576,0.8994213342666626,0.0,0.966649055480957
de/90/7b/de_10108192.jpg,Antiderrapante,Anti-Derrapante,Anti-Rutsch,0.0,67.2767022631755,57.66574479700756,100.0,0.884632408618927,0.9147132635116576,0.8994213342666626,0.0,0.966649055480957
de/b1/82/de_10075700.jpg,Antiderrapante,Anti-Derrapante,Anti-Rutsch,0.0,67.2767022631755,57.66574479700756,100.0,0.884632408618927,0.9147132635116576,0.8994213342666626,0.0,0.9666319489479064
de/dd/ea/de_10149296.jpg,PARA O TRABALHO,"PARA O TRABALHO
FÜR DIE
TRABALHO",FÜR DIE ARBEIT,30.21375397356768,78.75653909744203,79.16735456321963,100.0,0.861864447593689,0.9137815237045288,0.8870639801025391,0.7744107744107744,0.6975434422492981
de/9b/4f/de_10150354.jpg,"GHB

Outros

VS","GHB

Outros

VS

L N","GHB

Andere

VS",39.76353643835252,95.35782504283952,93.45603698021088,66.66666666666666,0.8982108235359192,0.9472365379333496,0.9220724701881408,0.920138888888889,0.8233839273452759
de/db/87/de_10209038.jpg,Duplo,"Zweiseitig

medipartners
cuida naturalmente",Zweifach,0.0,5.084745762711865,4.237288135593221,400.0,0.634917140007019,0.7006528973579407,0.6661672592163086,0.0,0.3578788340091705
de/fc/43/de_10167474.jpg,Hora do banho,"Hora de banho

(1,4)
Muito Bom
Recomendação

Premium
Parafusos para banheira
72mm",Badezeit,3.377156414337854,24.647326817481417,23.701907325610154,333.33333333333337,0.650465190410614,0.80469810962677,0.7194080352783203,0.2439024390243902,0.4618320763111114
de/72/4a/de_10088448.jpg,Kitzbühel,Kitzbühel,Kitzbühel,100.00000000000004,100.0,100.0,0.0,1.000119924545288,1.000119924545288,1.000119924545288,0.5,0.9883582592010498
de/cb/c2/de_10119184.jpg,"Oxford
2
FOLHA
32","Oxford
para todas as escritas cursivas
2
32 FOLHAS","Oxford
2
BLATT
32",6.27465531099474,42.00607381804759,39.22473340967065,175.0,0.7447647452354431,0.8472903966903687,0.7927263379096985,0.4444444444444445,0.3849510252475738
de/34/76/de_10114414.jpg,"4 peças
IP65
Conectável
180°
CE
RoHS","4 Peças
IP65
Linkável
180°
CE
RoHS","4 Stück
IP65
Linkable
180°
CE
RoHS",50.000000000000014,63.30804444420796,60.58519326576921,14.285714285714285,0.9189302921295166,0.91894793510437,0.9189391136169434,0.8412698412698414,0.9195425510406494
de/c1/52/de_10550927.jpg,"memória®
3+ 64","memória
3+ 64
Ravensburger","memory®
3+ 64",42.72870063962342,49.88916187063713,54.75489471966627,50.0,0.8216830492019653,0.8718867897987366,0.8460407257080078,0.6048387096774195,0.8708780407905579
de/87/66/de_10116152.jpg,"Frente
Costas
Lado","360°

Frente

Voltar

Lado","Vorderseite
Zurück
Seite",12.703318703865364,37.99852629679634,36.31348082879631,66.66666666666666,0.8523095846176147,0.8957157731056213,0.8734737038612366,0.3225806451612903,0.5686070322990417
de/32/c3/de_10083842.jpg,"Convite
4
NAVIOS
AFUNDAR","Convite

1 2 3 4 5 6 7 8 9 10
A B C D E F G H I J
NAVIOS
AFUNDAR","Einladung
4
SCHIFFE
VERSENKEN",3.916449665002248,66.5910198970651,60.264888131605446,475.0,0.6538430452346802,0.9293357133865356,0.767619788646698,0.5349576271186441,0.4032829105854034
de/c8/1e/de_10122648.jpg,"Interruptor
Arruelas
Porca","Interruptor
Anilha de apoio
Noz","Schalter
Unterlegscheiben
Nuss",10.682175159905848,46.03070246142566,38.28528050279733,133.33333333333331,0.8102905750274658,0.8121041655540466,0.8111963272094727,0.15625,0.4974946677684784
de/d5/37/de_10512484.jpg,uvex,uvex,uvex,100.00000000000004,100.0,100.0,0.0,0.9998412132263184,0.9998412132263184,0.9998412132263184,0.5,0.9897864460945128
de/1b/9d/de_10246791.jpg,Elástico,← Elástico - Elástico - Élastique - Elástico →,Elastisch,4.767707020457095,47.45001582078881,46.28198841202587,800.0,0.7100542187690735,0.7850749492645264,0.745682418346405,0.2777777777777778,0.5987752079963684
de/d7/21/de_10136768.jpg,"Oxford
2
FOLHA","Oxford

Para a velha
Avaliação/Diário

2
16 FOLHAS","Oxford
2
BLATT",4.990049701936832,38.22182234300753,35.08517251352091,266.66666666666663,0.7257214188575745,0.866479754447937,0.7898787260055542,0.4285714285714285,0.4421117603778839
de/19/83/de_10111449.jpg,Antiderrapante,Anti-Derrapante,Anti-Rutsch,0.0,67.2767022631755,57.66574479700756,100.0,0.884632408618927,0.9147132635116576,0.8994213342666626,0.0,0.966649055480957
de/b7/5f/de_10140825.jpg,Duplo,"Zwilling

medipartners
cuida naturalmente",Zweifach,0.0,5.263157894736842,4.385964912280702,400.0,0.6304699182510376,0.7054613828659058,0.6658608913421631,0.0,0.4122341573238373
de/88/55/de_10076277.jpg,"Interruptor
Arruelas
Porca","Interruptor

Arruelas

Porca","Schalter
Unterlegscheiben
Nuss",100.00000000000004,100.0,100.0,0.0,0.9999991059303284,0.9999991059303284,0.9999991059303284,0.9814814814814816,0.9461897015571594
de/72/81/de_10088004.jpg,"Ficar
1
2","1
2

Eu fico","Bleiben
1
2",31.947155212313625,14.635854341736692,24.52248308794269,100.0,0.7668505311012268,0.7854835987091064,0.7760552763938904,0.6048387096774195,0.8237845301628113
de/2f/e2/de_10580343.jpg,uvex,uvex,uvex,100.00000000000004,100.0,100.0,0.0,0.9998412132263184,0.9998412132263184,0.9998412132263184,0.5,0.9897864460945128
de/24/f4/de_10084683.jpg,"Passo 1
Passo 2
Passo 3","3-ETAPA DE INSTALAÇÃO
Passo 1
Passo 2
Passo 3","Schritt 1
Schritt 2
Schritt 3",46.17366309441026,80.22409937802365,83.18829638957172,83.33333333333334,0.6326145529747009,0.8851553797721863,0.7378748655319214,0.9501763668430336,0.8210510015487671
de/96/ea/de_10143780.jpg,"40°C
Lavagem
Baixo
Secador
Cores
Duráveis","40°C
Lavar a 40°C

Secadora de Roupas Baixa

Cores Duráveis","40°C
Waschen
Niedriger
Wäschetrockner
Langlebige
Farben",13.292417883329383,61.88080672979157,54.14892048017021,116.66666666666669,0.8058499097824097,0.8480910658836365,0.826431155204773,0.3993055555555556,0.7115013003349304
de/e9/4e/de_10155978.jpg,"Extrusão
puxar
parafusar","Extrusão
puxar
torcer","Extrusion
ziehen
schrauben",55.03212081491043,56.747225905438114,57.18860370699094,33.33333333333333,0.9308203458786012,0.9295815229415894,0.9302005171775818,0.625,0.7013664841651917
de/44/34/de_10141703.jpg,"3+1 tipos de spray
1
2
3","3+1 Tipos de Jato

1
2
3

Spray
Misturado
Chuva
Pulso","3+1 Strahlarten
1
2
3",39.832871551569504,35.166459845655204,38.355116375862885,55.55555555555556,0.7659627795219421,0.8713054060935974,0.8152451515197754,0.908714837286266,0.5749176144599915
de/52/3f/de_10170988.jpg,"CEBOLAS
BATATAS
ALHO","Cebolas

Batatas

Alho","ZWEIBELN
KARTOFFELN
KNOBLAUCH",100.00000000000004,2.7777777777777777,2.083333333333333,0.0,0.703369677066803,0.6787406206130981,0.69083571434021,0.9814814814814816,0.5692510604858398
de/81/5f/de_10075160.jpg,"Prateleira
Escrivaninha
Armário","Prateleira
Escritório
Gabinete","Regal
Schreibtisch
Kabinettt",27.516060407455225,53.19835818129979,44.06629583474628,66.66666666666666,0.8073574304580688,0.796951949596405,0.8021209836006165,0.1666666666666666,0.5151613354682922
de/48/83/de_10100490.jpg,"Richter
ROLL-OFF
25","25
Richter
ROLLOFF","Richter
ROLL-OFF
25",17.799177396293473,68.09916891590402,59.41321978660192,66.66666666666666,0.8066266775131226,0.7935954332351685,0.8000579476356506,0.3333333333333333,0.9407770037651062
de/3f/56/de_10095399.jpg,"Reversível 2 cores
Em um
3
8
2
1","Reversível 2 Cores
em um

3

2

8

1","Wendbare 2 Farben
In einem
3
8
2
1",65.00593260343696,55.75346468939146,54.66232073926582,11.11111111111111,0.9051953554153442,0.9179739952087402,0.911539912223816,0.9561042524005487,0.8380635380744934
de/ff/e1/de_10188845.jpg,"Schrader
Dunlop
Presta","SCHRADER
PRESTA
Schrader
Dunlop Presta","Schrader
Dunlop
Presta",39.76353643835252,86.14355797297264,86.09224755632327,66.66666666666666,0.7501897811889648,0.9238585233688354,0.8280158042907715,0.920138888888889,0.7944657206535339
de/fb/df/de_10156644.jpg,"DESLIGADO
BAIXO
Médio
Alto","Fora

Baixo

Médio

Alto","AUS
NIEDRIG
Mittel
Hoch",59.460355750136046,33.575828743316315,35.67844920224971,25.0,0.8314135670661926,0.6904867887496948,0.7544253468513489,0.7361111111111112,0.6691415905952454
de/72/9c/de_10088246.jpg,"Azul
Verde
Violeta","Verde

Comestível Glitzer

Violeta Cintilante

Azul

70-300µm

PESO LIQ. NETO 4g","Blau
Grün
Violett",4.456882760699063,35.914506517459884,34.7643816158125,400.0,0.6023933291435242,0.7617583274841309,0.6727669835090637,0.3846153846153847,0.3388771414756775
de/33/c9/de_10107373.jpg,"N.º 49
ORÉGANO
ERVAS
100% NATURAL

N.º 50
PAPRIKA
","300 unid

NO. 49
ORREGANO

ERVAS
100% Natural

NO. 30
PAPRIKA
100% Natural

SALZ
PEPEREIRO
KURMA
PETERLEIN
OREGANO
KRÄUTER
SALZ
PEPEREIRO
KURMA
PETERLEIN
OREGANO
KRÄUTER","NO. 49
OREGANO
KRAUTER
100% NATURAL

NO. 50
PAPRIKA
",9.57937167497228,35.47026422794072,33.1440378512458,183.3333333333333,0.6721832752227783,0.7887563705444336,0.7258189916610718,0.4295051353874883,0.6005709767341614
de/06/68/de_10161716.jpg,"Tamanho do produto

2.95in
4.72in
5.12in
7.68in
8.15in","Tamanho do produto
2.95in
4.72in
5.12in
7.68in
9.15in","Produktgröße

2.95in
4.72in
5.12in
7.68in
8.15in",84.08964152537145,91.7870378110458,90.49206407257005,12.5,0.9972626566886902,0.9972626566886902,0.9972626566886902,0.8737244897959183,0.9789339303970336
de/43/ba/de_10170339.jpg,"PARA
HOMENS
VERDADEIROS",PARA VERDADEIROS CARAS,"FÜR
ECHTE
KERLE",34.66806371753173,55.21580136801754,49.74842661324789,66.66666666666666,0.9129584431648254,0.8990246057510376,0.905937910079956,0.3333333333333333,0.7506278157234192
de/e0/d9/de_10109434.jpg,"DESLIGADO
BAIXO
Médio
ALTO","Fora
Baixo
Médio
Alto","AUS
NIEDRIG
Mittel
Hoch",59.460355750136046,18.069791050511306,16.703138856659187,25.0,0.7440972924232483,0.6533982157707214,0.6958045363426208,0.7361111111111112,0.6271860003471375
de/75/08/de_10199515.jpg,"Prateleira
Escrivaninha
Armário","Estante
Escritório
Armário","Regal
Schreibtisch
Kabinettt",27.516060407455225,31.47768594219364,27.79567307848704,66.66666666666666,0.7729779481887817,0.7213845252990723,0.7462905645370483,0.1666666666666666,0.5788848996162415
de/bd/be/de_10152871.jpg,"4x 5m²
Cortes
No total
20m²","4x 5m²
Recortes
Totalmente
20m²","4x 5m²
Zuschitte
Insgesamt
20m²",19.3576934939088,39.06601571346442,38.57047272773511,50.0,0.8847450017929077,0.911160945892334,0.8977586627006531,0.4331450094161957,0.9145936369895936
de/0e/15/de_10148228.jpg,"40°C
Lavagem
Baixo
Secador
Cores
Duráveis","40°C
Lavar

Secadora de Roupas Baixa

Cores Duráveis","40°C
Waschen
Niedriger
Wäschetrockner
Langlebige
Farben",19.64073254502565,63.63348174405864,55.91623543110242,83.33333333333334,0.851952075958252,0.8886252641677856,0.8699023127555847,0.4121863799283153,0.710817277431488
de/ba/1b/de_10206983.jpg,"Prateleira
Escrivaninha
Armário","Estante
Escritório
Armário","Regal
Schreibtisch
Kabinettt",27.516060407455225,31.47768594219364,27.79567307848704,66.66666666666666,0.7729779481887817,0.7213845252990723,0.7462905645370483,0.1666666666666666,0.5788848996162415
de/bd/c8/de_10152744.jpg,"A
B
C
D
E
F
G
H
I
J","A
Alfabetização","A
B
C
D
E
F
G
H
I
J",0.9157819444367088,1.54320987654321,2.8735632183908044,90.0,0.610349714756012,0.5061317682266235,0.5533766150474548,0.0543478260869565,0.3275018334388733
de/67/e8/de_10112455.jpg,"40°C
Lavagem
Baixo
Secador
Cores
Duráveis","40°C

Lavar a 40°C

Secadora de roupa mais baixa

Cores duráveis","40°C
Waschen
Niedriger
Wäschetrockner
Langlebige
Farben",12.30068628846377,49.69239819155974,40.878436415547554,133.33333333333331,0.789287805557251,0.8268315196037292,0.807623565196991,0.3931623931623932,0.7133764624595642
de/df/fa/de_10168851.jpg,"1m
Régua dobrável
MÉTRICO
18m
2m
3m
MÉTRICO
Art. 2054","1m

Faz você mesmo

Grau de medição

CÍRCULO DE PLÁSTICO

METRICA

1m 2m 3m

MÉTRICO

10x

www

Art. 2054","1m
Gliedermaßstab
METRISCHE
18m
2m
3m
METRIQUE
Art. 2054",12.45699390802689,41.21606817070728,41.98725496549001,130.0,0.769379734992981,0.8353066444396973,0.8009889125823975,0.565083176127594,0.5290709137916565
de/cc/0e/de_10154431.jpg,"AMOR
Sol
AMOR","Você é meu amor
Sol
Julius Zöllner
60 anos de experiência em roupas para bebês e crianças
Selo de Qualidade","LIEBE
Sonne
LIEBE",3.8292061380205022,3.8930439443598712,4.888421319523138,600.0,0.5770765542984009,0.6379233598709106,0.605976402759552,0.2127659574468084,0.4099218249320984
de/f1/6c/de_10139306.jpg,"Arotelicht
ZJ-TMDB1H-RGBWW

A
B
C
D
E
F
G

5
kWh/1000h

2019/10","ENERGIA
Arotelicht
ZJ-TMDB1H-RGBWW
A
B
C
D
E
F
G
5
kWh/1000h
2019/2015","Arotelicht
ZJ-TMDB1H-RGBWW

A
B
C
D
E
F
G

5
kWh/1000h

2019/10",88.52140475440834,92.77940495584828,92.04175759993107,12.5,0.9357652068138124,0.9748131036758424,0.9548901319503784,0.9087494023632264,0.9317441582679749
de/26/d2/de_10137926.jpg,"DESLIGADO
Baixo
Médio
Alto","AUS

Baixo

Controle por toque

Médio

Alto","AUS
Niedrig
Mittel
Hoch",14.535768424205482,40.40743063862364,42.013903186375,100.0,0.7616421580314636,0.7629867196083069,0.7623139023780823,0.5943152454780362,0.486341118812561
de/6f/2a/de_10375547.jpg,"Läufer
Rondella
50 g","Läufer
Rondella
50 g
Läufer
Rondella
50 g","Läufer
Rondella
50 g",34.57207846419409,80.90660767730658,80.99296013236378,100.0,0.8505222201347351,0.8662804365158081,0.8583290576934814,0.9019886363636364,0.8486630320549011
de/00/cd/de_10082863.jpg,"Passo 1
Passo 2
Passo 3","Passo 1

Passo 2

Passo 3","Schritt 1
Schritt 2
Schritt 3",100.00000000000004,100.0,100.0,0.0,1.000070571899414,1.000070571899414,1.000070571899414,0.9976851851851852,0.9915829300880432
de/c7/05/de_10181039.jpg,"Fantasia em casa

🎵

👤

🐙",Fantasia em casa,"Fantasie zu Hause

🎵

👤

🐙",36.78794411714425,82.47762218711755,74.93130221294778,50.0,0.9355229139328004,0.789601743221283,0.8563908934593201,0.5165692007797271,0.7506908178329468
de/5f/9b/de_10158213.jpg,"Puntas de aço alargadas
Força 15KN 10KN 4.4KN 3.0KN 1.5KN","Nível de proteção
LV. An1 An2 An3 An4 An5
Força 15KN 10KN 4,4KN 3,0KN 1,5KN
SUADEX
Aumentado
Biqueira de aço","Verbreiterter Stahlkappen
Force 15KN 10KN 4.4KN 3.0KN 1.5KN",8.500539049202116,37.62082178200157,36.71232710849731,130.0,0.7516118288040161,0.8435854911804199,0.7949472069740295,0.4360360360360361,0.6775302290916443
de/5e/83/de_10177104.jpg,"Tamanho do produto
30in
9.2in
3.5in
6in
10in
41.3in
4.4in
82.6in","6+
1472pcs
Tamanho do Produto
30in
9.2in
3.5in
6in
4.4in
10in
41.33in
82.67in","Produkt Größe
30in
9.2in
3.5in
6in
10in
41.3in
4.4in
82.6in",46.0462862587273,78.72837428024194,72.39029652216065,54.54545454545454,0.8493344187736511,0.8898783326148987,0.8691338300704956,0.7886904761904763,0.7998402714729309
de/aa/b0/de_10184993.jpg,"Os descontos de festa incluem
1. 50
2. 2
3. 4
4. 4
5. 6
6. 8
7. 8
8. 10
9. 10",Descontos de festa Incluir,"Partyrabatte beinhalten
1. 50
2. 2
3. 4
4. 4
5. 6
6. 8
7. 8
8. 10
9. 10",0.0542208260740048,30.866949914083925,24.76204122055628,86.95652173913044,0.7997531890869141,0.5527238249778748,0.6536785960197449,0.1008371385083713,0.2953597605228424
de/b4/07/de_10115466.jpg,"Prateleira
Escrivaninha
Armário","Estante
Escritório
Gabinete","Regal
Schreibtisch
Kabinettt",0.0,19.52708826482895,14.645316198621716,100.0,0.6945367455482483,0.6684229969978333,0.6812297105789185,0.0,0.4988605082035064
de/3b/02/de_10202375.jpg,"20M
LED
Resistente a Quebras","20M
LED
Resistente a impactos","20M
LED
Bruchsicher",66.87403049764218,67.99008603855005,70.3723068372943,20.0,0.9323939085006714,0.9323939085006714,0.9323939085006714,0.7937500000000002,0.9049445390701294
de/81/e9/de_10075151.jpg,"Como usar
1
2
3
4
5
6",Caminho para Usar,"Weg zu Verwenden
1
2
3
4
5
6",5.197112497172873,10.933653150181016,8.200239862635764,100.0,0.6697021722793579,0.5667786598205566,0.6139568090438843,0.0666666666666666,0.3732749819755554
de/20/a5/de_10196769.jpg,"Armazenamento fácil e baixo peso
1
2
3
4
5
6
7
8",Armazenamento simples & Peso leve,"Einfache Lagerung & Geringes Gewicht
1
2
3
4
5
6
7
8",2.564755813286796,37.89103257328452,29.592439974782703,84.61538461538461,0.8536677360534668,0.6525146961212158,0.7396590709686279,0.081967213114754,0.5751785635948181
de/98/2a/de_10182052.jpg,"40°C
Lavagem
Baixo
Secador
Cores
Duráveis","40°C

Lavar a 40°C

Secadora de roupa mais baixa

Cores duráveis","40°C
Waschen
Niedriger
Wäschetrockner
Langlebige
Farben",12.30068628846377,49.69239819155974,40.878436415547554,133.33333333333331,0.789287805557251,0.8268315196037292,0.807623565196991,0.3931623931623932,0.7133764624595642
de/88/cd/de_10076284.jpg,"40°C
Lavagem
Baixo
Secadora
Cores
Duráveis","40°C

Lavar a 40°C
Secadora de roupa de baixa temperatura
Cores duráveis","40°C
Waschen
Niedriger
Wäschetrockner
Langlebige
Farben",11.980914528565991,53.33142410571122,45.24117042959608,133.33333333333331,0.7899237871170044,0.8352644443511963,0.8119615912437439,0.4782196969696969,0.7830161452293396
